카테고리,질문,답변
인플루언서 대행,인플루언서 마케팅은 어떻게 진행되나요?,"안녕하세요, 반갑습니다! 어포메이션에서 인플루언서 마케팅을 총괄하고 있는 방선준입니다.

저희는 해외 인플루언서 섭외부터 방문 일정 관리까지 전 과정을 대행해드리고 있습니다. 고객사는 확인만 해주시면 됩니다.

서비스는 두 가지 방식으로 진행됩니다.
- 방문형 마케팅: 병원·매장·체험 콘텐츠
- 제품형 마케팅: 제품 배송 리뷰 콘텐츠

대만, 일본, 중국, 영미권 등 원하시는 국가 어디든 진행 가능합니다.

아래 내용만 간단히 남겨주시면 맞춤 컨설팅과 함께 빠르게 안내드리겠습니다 :)
1. 브랜드/병원/매장명
2. 희망 국가
3. 인플루언서 규모 (체험단/마이크로/매크로/메가)
4. 희망 인플루언서 수
5. 희망 플랫폼 (IG/TikTok/YouTube/샤오홍슈)

잘 모르시면 비워두셔도 됩니다. 나머지는 저희가 맞춰드릴게요!"
인플루언서 대행,비용은 얼마인가요?,"인플루언서 마케팅 비용은 희망하시는 인플루언서 등급과 수량에 따라 달라집니다.

기본 섭외 비용은 건당으로 책정되며, 등급 및 수량에 따라 조율도 가능합니다. 마이크로~메가 등급 인플루언서의 경우 별도 원고비가 발생할 수 있으나, 섭외 전에 미리 안내드리고 동의 후에만 진행하기 때문에 예상치 못한 비용은 없습니다.

소규모 테스트부터 시작하실 수 있도록 설계되어 있어 부담 없이 시작하실 수 있습니다.

월 운용 가능한 예산 범위를 말씀해주시면, 그 안에서 가장 효과적인 조합으로 제안드리겠습니다!"
인플루언서 대행,어떤 국가가 가능한가요?,"대만, 일본, 중국, 영미권은 물론이고 원하시는 국가 어디든 진행 가능합니다!

국가별로 효과가 좋은 플랫폼이 다릅니다.
- 대만·일본: Instagram이 효과적
- 중국: 샤오홍슈(RED)가 효과적
- 영미권: TikTok·YouTube가 효과적

여러 국가를 동시에 진행하시면 비용·일정 양쪽으로 더 효율적입니다. 희망 국가를 말씀해주시면 맞춤으로 안내드리겠습니다!"
인플루언서 대행,효과가 있나요? 실제 성과가 궁금합니다.,"인플루언서 마케팅은 단순 광고가 아니라 실제 경험 기반 콘텐츠가 쌓인다는 것이 가장 큰 장점입니다.

한 번 올라간 콘텐츠는 계속 노출되기 때문에, 시간이 지날수록 자산처럼 작동합니다. 저희 경험상 체험단~마이크로 등급 인플루언서 10명 정도 섭외 시 실제 매출 견인으로 이어지는 경우가 많았습니다.

비슷한 업종에서 진행했던 사례가 궁금하시면 말씀해주세요, 공유드리겠습니다!

첫 진행이시라면 소규모 테스트 후 반응을 보시면서 확대하시는 방법을 추천드립니다."
인플루언서 대행,진행 기간은 얼마나 걸리나요?,"인플루언서 섭외는 목표 예약 건수 기준으로 보통 2~4주 정도면 마무리됩니다.

다만 방문 후 콘텐츠 업로드까지는 인플루언서분들의 방한 일정에 따라 달라지며, 넉넉히 2~3개월의 리드타임이 있다고 생각해주시면 됩니다.

시작 시점을 말씀해주시면 그에 맞춰 일정표를 정리해서 공유드리겠습니다!"
인플루언서 대행,통역 서비스도 제공하나요?,"네! 원내에 통역 인력이 없으셔도 걱정하지 않으셔도 됩니다. 인플루언서 방문 시 통역 서비스를 별도로 제공해드리고 있습니다.

참고로 한국어가 가능한 인플루언서도 있어서, 그런 분들 위주로 섭외를 진행하면 통역 없이도 원활한 소통이 가능하고 비용 절감 효과도 있습니다.

어떤 방식이 더 맞으실지는 상황에 맞춰 저희가 제안드리겠습니다!"
인플루언서 대행,해외 마케팅 경험이 없는데 가능한가요?,"해외 마케팅 경험이 없으셔도 전혀 걱정하지 않으셔도 됩니다!

인플루언서 찾고, 연락하고, 섭외하고, 방문 일정 잡는 것까지 저희가 전부 진행해드립니다. 고객사는 확인만 해주시면 됩니다.

통역이 없으셔도 괜찮습니다. 전 과정을 저희가 대행하고 있어요. 편하게 문의 주세요!"
인플루언서 대행,어떤 플랫폼에서 진행 가능한가요?,"Instagram, TikTok, YouTube, 샤오홍슈(RED), 트위터(X) 등 주요 SNS 플랫폼 모두 진행 가능합니다.

타겟 국가와 업종에 따라 효과적인 플랫폼이 다르기 때문에, 상황에 맞는 최적의 플랫폼 조합을 제안드리고 있습니다.

희망하시는 플랫폼이 있으시면 말씀해주시고, 잘 모르시겠으면 저희가 추천드리겠습니다!"
인플루언서 마케팅 솔루션 도입,솔루션은 어떤 기능이 있나요?,"안녕하세요! 어포메이션 마케팅 솔루션에 관심 가져주셔서 감사합니다 :)

저희 솔루션은 인플루언서 마케팅 전 과정을 하나의 플랫폼에서 운영할 수 있도록 구성되어 있습니다.

주요 기능:
- 인플루언서 서치: 조건별 인플루언서 탐색
- 캠페인 발송: DM/이메일 대량 발송
- 인박스 관리: 응답 관리 및 소통
- 콘텐츠 수집: 업로드된 콘텐츠 자동 수집
- 분석 리포트: 캠페인 성과 분석

아래 내용을 알려주시면 맞춤 안내를 드리겠습니다.
1. 주로 사용할 국가/시장
2. 운영할 플랫폼 (IG/TikTok/YouTube/블로그)
3. 월 예상 캠페인 수
4. 현재 운영 방식 (직접 섭외/대행사/없음)"
인플루언서 마케팅 솔루션 도입,무료 체험이 가능한가요?,"네! 현재 7일 무료 데모를 제공하고 있습니다.

데모 기간 동안 실제 서치, 발송, 콘텐츠 수집 기능을 직접 경험해보실 수 있어요. 직접 사용해보신 후 결정하시면 됩니다.

데모 신청 시 아래 정보만 알려주세요.
- 담당자 성함 / 직책
- 회사명 / 브랜드명
- 연락처

데모 계정 세팅 후 접속 링크와 가이드를 바로 발송해드리겠습니다!"
인플루언서 마케팅 솔루션 도입,솔루션 비용은 얼마인가요?,"솔루션 비용은 사용 국가 수, 캠페인 발송량, 필요 기능 구성에 따라 달라집니다.

맞춤 견적 제안을 위해 아래 내용을 알려주시면 도움이 됩니다.
1. 주로 사용할 국가/시장
2. 운영할 플랫폼
3. 월 예상 캠페인 수
4. 필요 기능 (서치/발송/인박스/콘텐츠/리포트)

정보를 주시면 영업일 기준 1~2일 내로 맞춤 견적서를 전달드리겠습니다. 필요하시면 시연 미팅도 별도로 진행 가능합니다!"
인플루언서 마케팅 솔루션 도입,현재 수작업으로 하고 있는데 솔루션이 필요할까요?,"인플루언서 서치, DM 발송, 콘텐츠 관리를 수작업으로 진행하고 계시다면, 솔루션 도입으로 업무 시간을 크게 줄이실 수 있습니다.

모집부터 발송, 인박스 관리, 콘텐츠 수집, 분석 리포트까지 한 플랫폼에서 자동으로 운영하실 수 있어요.

먼저 7일 무료 데모로 직접 사용해보시고 판단하시는 걸 추천드립니다. 써보시면 차이를 바로 느끼실 수 있습니다!

관심 있으시면 편하게 말씀해주세요."
인플루언서 마케팅 솔루션 도입,도입 후 지원은 어떻게 되나요?,"정식 도입 시 초기 세팅 지원과 온보딩 가이드를 함께 제공해드리고 있습니다.

사용 중 불편한 점이나 추가로 필요한 기능이 있으시면 말씀해주세요. VOC를 기반으로 기능 개선 로드맵에 반영하거나, 현재 제공 가능한 방식으로 대안을 안내해드립니다.

도입 검토 중이시라면 편하게 문의 주세요!"
인플루언서 마케팅 솔루션 도입,어떤 플랫폼을 지원하나요?,"현재 Instagram, TikTok, YouTube, 블로그 등 주요 플랫폼을 지원하고 있습니다.

플랫폼별 인플루언서 서치, 캠페인 발송, 콘텐츠 수집이 모두 가능하며, 여러 플랫폼을 동시에 운영하실 수 있습니다.

사용하시려는 플랫폼을 말씀해주시면, 해당 플랫폼에 맞는 기능 안내를 드리겠습니다!"
홈페이지 제작,홈페이지 제작 비용은 얼마인가요?,"안녕하세요, 반갑습니다! 어포메이션 개발사업부 담당입니다.

홈페이지 제작 비용은 페이지 수, 필요 기능, 디자인 범위에 따라 달라집니다. 예산이 정해져 있지 않으셔도 괜찮습니다.

저희가 기능 범위 기준으로 견적을 산출해드리고, 우선순위를 조절하면서 예산에 맞추는 방식으로 진행합니다.

아래 내용만 간단히 남겨주시면 견적과 함께 빠르게 안내드리겠습니다 :)
1. 프로젝트 유형 (홈페이지/랜딩페이지/쇼핑몰 등)
2. 벤치마크 서비스 (있으시면 링크)
3. 주요 기능 (게시판, 예약, 결제 등)
4. 예산 범위 (미정이면 '견적 먼저'로 적어주세요)
5. 희망 일정"
홈페이지 제작,어떤 종류의 홈페이지를 만들 수 있나요?,"저희는 기획부터 디자인·개발·배포까지 원스톱으로 진행하고 있습니다.

제작 가능한 유형:
- 기업/브랜드 홈페이지
- 랜딩페이지
- 쇼핑몰/커머스
- 병원/클리닉 홈페이지
- 포트폴리오 사이트
- 관리자(Admin) 페이지
- 기존 홈페이지 리뉴얼

'대충 이런 게 필요한데 만들 수 있나요?' 이 한마디면 충분합니다. 필요한 기능만 말씀해주시면 구조를 잡고 견적부터 먼저 드립니다!"
홈페이지 제작,제작 기간은 얼마나 걸리나요?,"홈페이지 제작 기간은 프로젝트 규모와 기능 범위에 따라 달라집니다.

일반적으로:
- 랜딩페이지/간단한 홈페이지: 2~3주
- 기업 홈페이지: 4~6주
- 쇼핑몰/복잡한 기능 포함: 6~8주 이상

견적서에 기능별 개발 범위와 예상 일정이 항목별로 나뉘어 있어서 한눈에 파악하시기 편하실 거예요.

희망 런칭일이 있으시면 말씀해주세요. 역산해서 착수 시점을 잡아드리겠습니다!"
홈페이지 제작,벤치마크(참고 사이트)가 없는데 괜찮나요?,"벤치마크가 없으셔도 전혀 문제없습니다!

오히려 원하시는 기능 위주로 말씀해주시면, 저희가 최적의 구조를 제안드릴 수 있어서 더 좋을 때도 많아요.

저희 쪽에서 화면 구성안(와이어프레임)을 간단히 잡아서 견적서와 함께 보내드리겠습니다. '아 이런 느낌이구나' 하고 그림이 그려지실 거예요.

거기서 수정하고 싶으신 부분 말씀주시면 반영해서 최종안을 만들어드립니다!"
홈페이지 제작,제작 후 유지보수도 가능한가요?,"네, 제작 완료 후 유지보수 서비스도 제공하고 있습니다.

콘텐츠 수정, 기능 추가, 서버 관리 등 운영에 필요한 부분을 지원해드립니다. 유지보수 범위와 비용은 프로젝트 규모에 따라 별도로 안내드리고 있습니다.

제작 문의 시 유지보수 관련 내용도 함께 안내드리겠습니다. 편하게 문의 주세요!"
홈페이지 제작,모바일 반응형으로 제작되나요?,"네, 모든 홈페이지는 기본적으로 모바일 반응형으로 제작됩니다.

PC, 태블릿, 모바일 등 모든 기기에서 최적화된 화면으로 보실 수 있습니다. 별도 비용 없이 반응형 디자인이 포함되어 있으니 안심하셔도 됩니다.

추가로 궁금하신 점이 있으시면 편하게 문의 주세요!"
솔루션 및 프로그램 자동화,어떤 솔루션/프로그램 개발이 가능한가요?,"안녕하세요, 반갑습니다! 어포메이션 개발사업부 담당입니다.

저희는 기획부터 디자인·개발·배포까지 원스톱으로 진행하고 있습니다.

개발 가능한 유형:
- 웹 플랫폼 개발 (SaaS, 교육, 커머스 등)
- 앱 개발 (iOS/Android/하이브리드)
- 업무 자동화 시스템
- 관리자(Admin) 페이지
- 기존 시스템 리뉴얼·기능 추가
- AI 연동 솔루션

'대충 이런 기능이 필요한데요' 이 정도만 말씀해주시면, 저희가 구조를 잡고 견적서부터 먼저 전달드립니다.

벤치마크가 없으셔도, 예산이 미정이셔도 괜찮습니다!"
솔루션 및 프로그램 자동화,비용은 얼마인가요?,"솔루션/프로그램 개발 비용은 기능 범위와 프로젝트 규모에 따라 달라집니다.

예산이 정해져 있지 않으셔도 괜찮습니다. 기능 범위 기준으로 견적을 산출해드리고, 우선순위를 조절하면서 예산에 맞추는 방식으로 진행합니다.

아래 내용만 간단히 남겨주시면 맞춤 견적을 드리겠습니다.
1. 프로젝트 유형 (웹/앱/플랫폼/자동화/기타)
2. 벤치마크 서비스 (있으시면 링크)
3. 주요 기능
4. 예산 범위 (미정이면 '견적 먼저')
5. 희망 일정

영업일 기준 2~3일 내로 견적서를 전달드리겠습니다!"
솔루션 및 프로그램 자동화,개발 기간은 얼마나 걸리나요?,"개발 기간은 프로젝트 규모와 기능 범위에 따라 달라집니다.

견적서에 기능별 개발 범위, 예상 일정, 비용이 항목별로 나뉘어 있어서 한눈에 파악하시기 편하실 거예요.

희망 런칭일이 있으시다면 역산해서 착수 시점을 잡는 것이 좋습니다. 필요한 기능과 희망 일정을 알려주시면, 실현 가능한 일정표를 정리해서 공유드리겠습니다!"
솔루션 및 프로그램 자동화,업무 자동화는 어떤 것들이 가능한가요?,"업무 자동화는 반복적인 수작업을 시스템으로 대체하는 것입니다.

자동화 가능한 업무 예시:
- 데이터 수집 및 정리 자동화
- 이메일/메시지 자동 발송
- 보고서 자동 생성
- 고객 관리(CRM) 자동화
- SNS 콘텐츠 수집 및 관리
- 예약/일정 관리 자동화

'이런 업무를 자동화할 수 있나요?' 한마디면 충분합니다. 현재 수작업으로 진행하고 계신 업무를 말씀해주시면, 자동화 가능 여부와 예상 비용을 안내드리겠습니다!"
솔루션 및 프로그램 자동화,앱 개발도 가능한가요?,"네! iOS, Android, 하이브리드 앱 모두 개발 가능합니다.

기획부터 디자인·개발·배포·스토어 등록까지 원스톱으로 진행해드리고 있습니다.

필요한 기능만 말씀해주시면 구조를 잡고 견적부터 먼저 드립니다. 벤치마크 앱이 있으시면 링크를 함께 보내주시면 더 정확한 견적 산출이 가능합니다.

편하게 문의 주세요!"
솔루션 및 프로그램 자동화,기존 시스템 리뉴얼이나 기능 추가도 가능한가요?,"네, 기존 시스템 리뉴얼과 기능 추가 모두 가능합니다!

현재 운영 중인 시스템의 디자인 개선, 성능 최적화, 새로운 기능 추가 등 필요한 부분만 선별해서 진행할 수 있습니다.

현재 시스템 정보와 개선이 필요한 부분을 말씀해주시면, 분석 후 맞춤 견적을 드리겠습니다. 한꺼번에 정리하시는 게 비용·일정 양쪽으로 더 효율적이에요!"
